{"carouselslider": [{"caf_section_bg_color":"#ffffff00","caf_filter_status":"off","caf_filter_layout":"filter-layout1","caf_filter_primary_color":"#ffffff","caf_filter_sec_color":"#2b2f46","caf_filter_sec_color2":"#ffffff","caf_post_layout":"carousel-slider","caf_post_primary_color":"#ffffff","caf_post_sec_color":"#ffffff","caf_post_sec_color2":"#ffffff","caf_desktop_large_col":"3","caf_desktop_col":"3","caf_tablet_col":"2","caf_mobile_col":"1","caf_post_img_size":"large","caf_empty_result":"No Result.","caf_link_target":"new_window","caf_per_page":"7","caf_post_animation":"animate-off","caf_filter_fonts":"inherit","caf_filter_transform":"capitalize","caf_filter_font_size":"12","caf_post_fonts":"Dancing Script","caf_post_title_transform":"capitalize","caf_post_title_font_size":"40","caf_filter_more":"off","caf_filter_more_val":"3","caf_pagination_status":"on","caf_pagination_type":"number"}]}