{"postlayout5": [{"caf_section_bg_color":"#212331","caf_filter_status":"on","caf_filter_layout":"filter-layout1","caf_filter_primary_color":"#00bcd4","caf_filter_sec_color":"#2a2d3c","caf_filter_sec_color2":"#ffffff","caf_post_layout":"post-layout5","caf_post_primary_color":"#2a2d3c","caf_post_sec_color":"#ffffff","caf_post_sec_color2":"#00bcd4","caf_desktop_large_col":"2","caf_desktop_col":"2","caf_tablet_col":"1","caf_mobile_col":"1","caf_post_img_size":"large","caf_empty_result":"No Result.","caf_link_target":"new_window","caf_per_page":"4","caf_post_animation":"animate__animated animate__zoomInDown","caf_filter_fonts":"inherit","caf_filter_transform":"capitalize","caf_filter_font_size":"11","caf_post_fonts":"inherit","caf_post_title_transform":"capitalize","caf_post_title_font_size":"28","caf_filter_more":"on","caf_filter_more_val":"3","caf_pagination_status":"on","caf_pagination_type":"load-more"}]}