{"postlayout4": [{"caf_section_bg_color":"#fcd21d","caf_filter_status":"on","caf_filter_layout":"filter-layout2","caf_filter_primary_color":"#000000","caf_filter_sec_color":"#262626","caf_filter_sec_color2":"#ffffff","caf_post_layout":"post-layout4","caf_post_primary_color":"#262626","caf_post_sec_color":"#ffffff","caf_post_sec_color2":"#333333","caf_post_img_size":"large","caf_empty_result":"No Result.","caf_link_target":"new_window","caf_per_page":"3","caf_post_animation":"animate-off","caf_filter_fonts":"Patua One","caf_filter_transform":"capitalize","caf_filter_font_size":"14","caf_post_fonts":"Patua One","caf_post_title_transform":"capitalize","caf_post_title_font_size":"26"}]}