{"postlayout1": [{"caf_section_bg_color":"#f7f7f7","caf_filter_status":"on","caf_filter_layout":"filter-layout1","caf_filter_primary_color":"#ffffff","caf_filter_sec_color":"#262626","caf_filter_sec_color2":"#fcb040","caf_post_layout":"post-layout1","caf_desktop_large_col":"3","caf_desktop_col":"3","caf_tablet_col":"2","caf_mobile_col":"1","caf_post_primary_color":"#262626","caf_post_sec_color":"#fcb040","caf_post_sec_color2":"#000000","caf_post_img_size":"large","caf_empty_result":"No Result.","caf_link_target":"new_window","caf_per_page":"3","caf_post_animation":"animate-off","caf_filter_fonts":"OpenSans","caf_filter_transform":"capitalize","caf_filter_font_size":"12","caf_post_fonts":"OpenSans","caf_post_title_transform":"uppercase","caf_post_title_font_size":"16"}]}