{"postlayout2": [{"caf_section_bg_color":"#2e8bad","caf_filter_status":"on","caf_filter_layout":"filter-layout1","caf_filter_primary_color":"#262626","caf_filter_sec_color":"#ffffff","caf_filter_sec_color2":"#794400","caf_post_layout":"post-layout2","caf_desktop_large_col":"3","caf_desktop_col":"3","caf_tablet_col":"2","caf_mobile_col":"1","caf_post_primary_color":"#262626","caf_post_sec_color":"#794400","caf_post_sec_color2":"#ffffff","caf_post_img_size":"large","caf_empty_result":"No Result.","caf_link_target":"new_window","caf_per_page":"3","caf_post_animation":"animate-off","caf_filter_fonts":"Roboto Condensed","caf_filter_transform":"capitalize","caf_filter_font_size":"15","caf_post_fonts":"Roboto Condensed","caf_post_title_transform":"uppercase","caf_post_title_font_size":"18"}]}