{"_edit_lock":["1671860173:1"],"_edit_last":["1"],"caf_cpt_value":["course"],"caf_taxonomy":["a:4:{i:0;s:5:\"topic\";i:1;s:5:\"level\";i:2;s:8:\"language\";i:3;s:5:\"price\";}"],"caf_sec_bg_color":["#f7f7f7"],"caf_filter_status":["on"],"caf_filter_layout":["filter-layout1"],"caf_filter_primary_color":["#ffffff"],"caf_filter_sec_color":["#262626"],"caf_filter_sec_color2":["#fcb040"],"caf_post_layout":["post-layout9"],"caf_col_opt":["a:4:{s:21:\"caf_col_desktop_large\";s:1:\"3\";s:15:\"caf_col_desktop\";s:1:\"3\";s:14:\"caf_col_tablet\";s:1:\"2\";s:14:\"caf_col_mobile\";s:1:\"1\";}"],"caf_post_primary_color":["#262626"],"caf_post_sec_color":["#fcb040"],"caf_post_sec_color2":["#000000"],"caf_image_size":["large"],"caf_post_animation":["animate-off"],"caf_empty_res":["No Result."],"caf_link_target":["new_window"],"caf_per_page":["3"],"caf_pagination_type":["number"],"caf_filter_font":["Roboto Condensed"],"caf_filter_transform":["capitalize"],"caf_filter_font_size":["12"],"caf_post_font":["Roboto Condensed"],"caf_post_title_transform":["uppercase"],"caf_post_title_font_size":["16"],"caf_special_post_class":[""],"caf_post_orders_by":["title"],"caf_post_order_type":["asc"],"caf_prev_text":["Prev"],"caf_next_text":["Next"],"caf_load_more_text":["Load More"],"caf_pagination_status":["on"],"caf_post_desc_font":["Roboto Condensed"],"caf_post_desc_transform":["capitalize"],"caf_post_desc_font_size":["12"],"caf_filter_more_btn":["on"],"caf_filter_more_val":["3"],"caf_terms":["a:13:{i:0;s:11:\"topic___244\";i:1;s:11:\"topic___268\";i:2;s:11:\"topic___241\";i:3;s:11:\"topic___269\";i:4;s:11:\"topic___270\";i:5;s:11:\"topic___242\";i:6;s:11:\"level___245\";i:7;s:11:\"level___246\";i:8;s:14:\"language___247\";i:9;s:14:\"language___248\";i:10;s:14:\"language___249\";i:11;s:11:\"price___250\";i:12;s:11:\"price___251\";}"],"caf_filter_search":["off"],"caf_filter_search_layout":["search-layout2"],"caf_filter_more_scroll_btn":["on"],"caf_filter_more_scroll_val":["3"],"caf_default_all_text":["All text"],"caf_want_to_check":["I want to check out"],"caf_check_everything":["Everything"],"caf_filter_relation":["AND"],"caf_read_more_text":["Read Article"],"caf_default_term":["all"],"caf_taxo_relation":["OR"],"caf_scroll_to_div":["disabled"],"caf_scroll_to_div_desktop":["-100"],"caf_scroll_to_div_mobile":["-100"],"caf_hor_button":["yes"],"caf_hor_button_text":["Filter"],"caf_terms_icon":["a:14:{i:0;s:21:\"fab fa-black-tie(all)\";i:1;s:0:\"\";i:2;s:0:\"\";i:3;s:0:\"\";i:4;s:0:\"\";i:5;s:0:\"\";i:6;s:0:\"\";i:7;s:0:\"\";i:8;s:0:\"\";i:9;s:0:\"\";i:10;s:0:\"\";i:11;s:0:\"\";i:12;s:0:\"\";i:13;s:0:\"\";}"],"caf_post_author":["show"],"caf_post_date":["show"],"caf_post_comments":["show"],"caf_post_cats":["show"],"caf_post_rd":["show"],"caf_post_dsc":["show"],"caf_special_security":["enable"],"caf_all_ed":["enable"],"caf_term_dy":["disable"],"caf_f_p_text":["Search Here...."],"caf_search_button":["Search"],"cum_css":[".data-target-div1 #caf-filter-layout1 li a \r\n{ \r\n\tbackground:red;\r\n}"],"caf_post_date_format":["d, M Y"],"caf_cum_css":[""],"caf_term_parent_tab":["a:2:{i:0;s:14:\"category___226\";i:1;s:14:\"category___238\";}"],"_wpml_location_migration_done":["1"],"_wpml_media_featured":["1"],"_wpml_media_duplicate":["1"],"_wpml_word_count":["{\"total\":3,\"to_translate\":{\"nl\":3,\"fr\":3}}"],"caf_cats_relation":["IN"],"caf_post_title":["show"],"caf_post_image":["show"],"result":"success"}