{"postlayout6": [{"caf_section_bg_color":"#ffffff","caf_filter_status":"on","caf_filter_layout":"multiple-checkbox","caf_filter_primary_color":"#000000","caf_filter_sec_color":"#fcd21d","caf_filter_sec_color2":"#000000","caf_post_layout":"post-layout6","caf_post_primary_color":"#f4f6f7","caf_post_sec_color":"#3c3950","caf_post_sec_color2":"#fcd21d","caf_desktop_large_col":"3","caf_desktop_col":"1","caf_tablet_col":"1","caf_mobile_col":"1","caf_post_img_size":"large","caf_empty_result":"No Result.","caf_link_target":"new_window","caf_per_page":"3","caf_post_animation":"animate__animated animate__swing","caf_filter_fonts":"inherit","caf_filter_transform":"capitalize","caf_filter_font_size":"12","caf_post_fonts":"inherit","caf_post_title_transform":"capitalize","caf_post_title_font_size":"32","caf_filter_more":"off","caf_filter_more_val":"3","caf_pagination_status":"on","caf_pagination_type":"number"}]}